,ADANA,ADIYAMAN,AFYON,A?RI,AMASYA,ANKARA,ANTALYA,ARTV?N,AYDIN,BALIKES?R,B?LEC?K,B?NGÖL,B?TL?S,BOLU,BURDUR,BURSA,ÇANAKKALE,ÇANKIRI,ÇORUM,DEN?ZL?,D?YARBAKIR,ED?RNE,ELAZI?,ERZ?NCAN,ERZURUM,ESK??EH?R,GAZ?ANTEP,G?RESUN,GÜMÜ?HANE,HAKKAR?,HATAY,ISPARTA,MERS?N,?STANBUL,?ZM?R,KARS,KASTAMONU,KAYSER?,KIRKLAREL?,KIR?EH?R,KOCAEL?,KONYA,KÜTAHYA,MALATYA,MAN?SA,KAHRAMANMARA?,MARD?N,MU?LA,MU?,NEV?EH?R,N??DE,ORDU,R?ZE,SAKARYA,SAMSUN,S??RT,S?NOP,S?VAS,TEK?RDA?,TOKAT,TRABZON,TUNCEL?,?ANLIURFA,U?AK,VAN,YOZGAT,ZONGULDAK,AKSARAY,BAYBURT,KARAMAN,KIRIKKALE,BATMAN,?IRNAK,BARTIN,ARDAHAN,I?DIR,YALOVA,KARABÜK,K?L?S,OSMAN?YE,DÜZCE
ADANA,,329,573,961,613,490,558,1030,883,897,768,628,727,677,666,837,1097,576,575,760,518,1169,486,675,804,688,205,727,786,900,191,616,69,939,900,1007,690,333,1150,375,828,356,673,388,884,185,530,869,738,287,205,718,926,791,729,701,842,429,1071,499,852,621,342,689,895,473,754,265,808,289,475,614,711,769,1034,1064,893,701,242,85,722
ADIYAMAN,329,,902,648,636,755,887,755,1212,1226,1057,349,414,946,995,1126,1397,785,700,1089,205,1438,283,548,529,977,150,712,679,667,320,945,398,1208,1229,732,888,437,1419,571,1097,685,1002,185,1213,164,296,1198,463,518,534,728,853,1060,752,388,894,414,1340,522,779,418,110,1018,582,612,1023,593,654,618,684,301,478,1038,759,751,1162,970,209,244,991
AFYON,573,902,,1308,590,256,292,1236,346,324,210,1102,1295,418,170,273,524,387,498,223,1091,682,960,938,1127,144,778,866,1008,1473,764,169,565,452,327,1327,501,521,663,429,341,223,100,862,311,758,1103,368,1212,440,459,822,1077,304,670,1274,670,696,584,634,1003,1068,915,116,1435,472,487,365,1030,336,331,1187,1284,515,1345,1418,339,447,815,658,373
A?RI,961,648,1308,,735,1052,1429,397,1642,1568,1357,359,234,1144,1425,1417,1688,983,827,1519,443,1636,497,370,184,1285,756,547,384,434,952,1375,1030,1406,1631,217,987,811,1617,941,1295,1115,1363,595,1615,812,518,1664,245,892,939,591,548,1258,743,331,906,616,1538,674,484,424,619,1420,232,840,1221,967,306,1114,977,369,426,1168,310,143,1360,1101,815,876,1189
AMASYA,613,636,590,735,,334,874,694,932,833,622,636,829,409,756,682,953,248,92,809,702,901,549,365,554,567,609,324,435,1141,705,755,639,671,913,754,252,348,882,308,560,560,645,469,897,529,797,954,746,363,441,280,535,523,131,889,258,222,803,114,461,495,720,702,967,196,486,418,457,616,259,802,984,433,776,845,625,366,668,629,454
ANKARA,490,755,256,1052,334,,544,980,598,533,313,899,1092,191,422,382,653,131,242,475,910,683,757,682,871,233,671,610,752,1366,681,421,483,453,579,1071,245,318,664,184,342,258,311,659,563,591,996,620,1009,275,348,566,821,305,414,1097,414,440,585,378,747,812,808,368,1232,216,268,225,774,369,75,1010,1177,283,1089,1162,407,215,730,575,236
ANTALYA,558,887,292,1429,874,544,,1466,342,508,474,1186,1285,682,122,537,708,675,782,220,1076,916,1044,1059,1248,424,763,1111,1170,1458,749,130,489,716,444,1448,789,618,927,572,605,322,364,946,428,743,1088,311,1296,537,544,1095,1310,568,954,1259,958,813,848,876,1236,1179,900,294,1453,684,751,462,1192,375,615,1172,1269,803,1470,1539,603,735,800,643,637
ARTV?N,1030,755,1236,397,694,980,1466,,1578,1462,1251,406,562,1038,1402,1311,1582,894,738,1455,550,1530,544,407,226,1213,863,370,333,771,1021,1401,1099,1300,1559,210,864,848,1511,952,1189,1152,1291,642,1543,865,645,1600,479,929,976,414,159,1152,566,659,729,653,1432,633,233,461,726,1348,569,840,1115,1004,343,1151,905,603,754,1045,117,344,1254,978,922,945,1083
AYDIN,883,1212,346,1642,932,598,342,1578,,293,518,1412,1605,715,272,442,449,729,840,126,1401,657,1270,1272,1461,478,1088,1208,1350,1783,1074,288,831,681,126,1661,843,831,674,771,570,533,408,1172,156,1068,1413,99,1522,750,769,1164,1419,601,1012,1584,1012,1026,629,976,1345,1402,1225,273,1745,814,784,675,1372,643,673,1497,1594,857,1683,1752,507,789,1125,968,670
BALIKES?R,897,1226,324,1568,833,533,508,1462,293,,246,1421,1614,424,397,151,200,659,775,288,1415,408,1279,1198,1387,300,1102,1092,1255,1797,1088,396,889,390,173,1587,672,840,425,706,279,547,224,1181,137,1082,1427,392,1531,764,783,1048,1303,310,896,1598,844,973,380,911,1229,1328,1239,225,1754,749,493,689,1290,660,608,1511,1608,582,1571,1678,216,558,1139,982,379
B?LEC?K,768,1057,210,1357,622,313,474,1251,518,246,,1201,1394,213,352,95,366,444,555,395,1212,477,1059,987,1176,80,973,881,1044,1668,959,351,760,247,417,1376,461,620,458,486,136,418,110,961,381,893,1298,540,1311,577,646,837,1092,99,685,1399,633,753,379,691,1018,1117,1110,249,1534,529,282,523,1079,531,388,1312,1479,371,1360,1467,129,347,1010,853,168
B?NGÖL,628,349,1102,359,636,899,1186,406,1412,1421,1201,,197,1045,1195,1270,1541,884,728,1289,144,1537,142,271,180,1121,457,546,383,509,619,1145,697,1307,1429,383,888,581,1518,715,1196,885,1199,240,1413,463,239,1434,114,662,709,590,557,1159,715,284,868,469,1439,575,483,141,320,1218,337,693,1122,737,305,884,828,197,379,1069,410,474,1261,1002,516,543,1090
B?TL?S,727,414,1295,234,829,1092,1285,562,1605,1614,1394,197,,1238,1388,1463,1734,1077,921,1482,209,1730,335,464,349,1314,522,712,549,340,718,1338,796,1500,1622,432,1081,774,1711,908,1389,1078,1392,433,1606,578,284,1596,83,855,902,756,713,1352,908,97,1061,662,1632,768,649,334,385,1411,168,886,1315,930,471,1016,1021,135,192,1262,491,337,1454,1195,581,642,1283
BOLU,677,946,418,1144,409,191,682,1038,715,424,213,1045,1238,,560,273,544,235,352,603,1101,492,948,774,963,288,862,668,831,1550,868,559,670,262,595,1163,248,509,473,375,151,445,318,850,559,782,1187,748,1155,466,535,624,879,114,472,1288,420,631,394,523,805,904,999,457,1376,407,159,412,866,556,266,1201,1368,174,1147,1254,216,134,919,762,45
BURDUR,666,995,170,1425,756,422,122,1402,272,397,352,1195,1388,560,,415,597,553,664,150,1184,805,1053,1055,1244,302,871,1032,1166,1566,857,51,611,594,374,1444,667,614,805,568,483,315,242,955,358,851,1196,241,1305,533,552,988,1243,446,836,1367,836,809,726,800,1169,1185,1008,172,1528,638,629,458,1188,421,497,1280,1377,681,1466,1535,481,613,908,751,515
BURSA,837,1126,273,1417,682,382,537,1311,442,151,95,1270,1463,273,415,,271,508,624,437,1281,419,1128,1047,1236,149,1042,941,1104,1737,1028,414,829,243,322,1436,521,689,436,555,132,487,173,1030,286,962,1367,541,1380,646,715,897,1152,159,745,1468,693,822,375,760,1078,1177,1179,311,1603,598,342,592,1139,600,457,1381,1548,431,1420,1527,69,407,1079,922,228
ÇANAKKALE,1097,1397,524,1688,953,653,708,1582,449,200,366,1541,1734,544,597,271,,779,895,488,1552,216,1399,1318,1507,420,1302,1212,1375,1997,1288,596,1089,320,325,1707,792,960,233,826,399,747,424,1301,335,1233,1627,548,1651,917,983,1168,1423,430,1016,1739,964,1093,188,1031,1349,1448,1439,425,1874,869,613,863,1410,860,728,1652,1808,702,1691,1798,336,678,1339,1182,499
ÇANKIRI,576,785,387,983,248,131,675,894,729,659,444,884,1077,235,553,508,779,,156,606,922,727,769,613,802,364,701,524,683,1389,767,552,569,497,710,1002,114,348,708,214,386,389,442,689,694,621,1017,751,994,305,387,480,735,349,328,1109,283,442,629,334,661,743,838,499,1215,246,312,311,705,500,105,1022,1204,282,1003,1093,451,195,760,661,280
ÇORUM,575,700,498,827,92,242,782,738,840,775,555,728,921,352,664,624,895,156,,717,766,844,613,457,646,475,630,368,527,1233,726,663,568,614,821,846,195,277,825,216,503,468,553,533,805,550,861,862,838,292,370,324,579,466,172,953,267,286,746,178,505,587,767,610,1059,104,429,326,549,536,167,866,1048,376,847,937,568,309,689,650,397
DEN?ZL?,760,1089,223,1519,809,475,220,1455,126,288,395,1289,1482,603,150,437,488,606,717,,1278,696,1147,1149,1338,355,965,1085,1227,1660,951,165,709,637,224,1538,720,708,713,648,526,410,285,1049,208,945,1290,145,1399,627,646,1041,1296,489,889,1461,889,903,668,853,1222,1279,1102,150,1622,691,672,552,1249,520,550,1374,1471,734,1560,1629,502,666,1002,845,558
D?YARBAKIR,518,205,1091,443,702,910,1076,550,1401,1415,1212,144,209,1101,1184,1281,1552,922,766,1278,,1593,153,406,324,1132,313,690,527,471,509,1134,587,1363,1418,527,954,592,1574,726,1252,874,1191,251,1402,369,95,1387,258,673,720,729,701,1215,818,187,960,480,1495,588,627,276,176,1207,377,704,1178,748,449,807,839,100,282,1135,554,546,1317,1068,372,433,1146
ED?RNE,1169,1438,682,1636,901,683,916,1530,657,408,477,1537,1730,492,805,419,216,727,844,696,1593,,1440,1266,1455,552,1354,1160,1323,2042,1360,804,1162,230,533,1655,740,1001,62,867,341,890,582,1342,543,1274,1679,756,1647,958,1027,1116,1371,378,964,1780,912,1123,140,1015,1297,1396,1491,633,1868,899,561,904,1358,1003,758,1693,1860,650,1639,1746,406,626,1411,1254,447
ELAZI?,486,283,960,497,549,757,1044,544,1270,1279,1059,142,335,948,1053,1128,1399,769,613,1147,153,1440,,265,318,979,345,559,396,624,477,1003,555,1210,1287,521,801,439,1421,573,1099,743,1057,98,1271,321,248,1292,252,520,567,588,570,1062,665,340,807,327,1342,435,496,135,329,1076,475,551,1025,595,395,742,686,253,435,982,548,612,1164,915,404,401,993
ERZ?NCAN,675,548,938,370,365,682,1059,407,1272,1198,987,271,464,774,1055,1047,1318,613,457,1149,406,1266,265,,189,915,610,294,131,776,742,1005,744,1036,1261,389,617,441,1247,571,925,745,993,363,1245,586,501,1294,381,522,569,323,305,888,444,555,597,246,1168,304,231,130,582,1050,602,470,851,597,153,744,607,468,650,798,411,480,990,731,669,666,819
ERZURUM,804,529,1127,184,554,871,1248,226,1461,1387,1176,180,349,963,1244,1236,1507,802,646,1338,324,1455,318,189,,1104,637,366,203,618,795,1194,873,1225,1450,203,806,630,1436,760,1114,934,1182,416,1434,639,419,1483,266,711,758,410,377,1077,562,446,725,435,1357,493,303,243,500,1239,416,659,1040,786,125,933,796,377,541,987,230,294,1179,920,696,719,1008
ESK??EH?R,688,977,144,1285,567,233,424,1213,478,300,80,1121,1314,288,302,149,420,364,475,355,1132,552,979,915,1104,,893,843,985,1588,879,301,680,322,411,1304,478,540,533,406,211,338,78,881,395,813,1218,500,1231,497,566,799,1054,174,647,1319,647,673,454,611,980,1045,1030,217,1454,449,357,443,1007,451,308,1232,1399,446,1322,1395,209,422,930,773,243
GAZ?ANTEP,205,150,778,756,609,671,763,863,1088,1102,973,457,522,862,871,1042,1302,701,630,965,313,1354,345,610,637,893,,723,741,695,196,821,274,1124,1105,840,815,353,1335,487,1013,561,878,247,1089,80,325,1074,571,434,410,714,915,976,725,496,867,425,1256,495,841,480,137,894,690,528,939,470,740,494,600,409,506,954,867,859,1078,886,63,120,907
G?RESUN,727,712,866,547,324,610,1111,370,1208,1092,881,546,712,668,1032,941,1212,524,368,1085,690,1160,559,294,366,843,723,,163,981,819,1031,796,930,1189,566,494,493,1141,582,819,797,921,545,1173,643,785,1230,629,574,621,44,211,782,196,809,359,298,1062,263,137,424,796,978,779,470,745,649,241,796,535,743,904,675,479,657,884,608,782,743,713
GÜMÜ?HANE,786,679,1008,384,435,752,1170,333,1350,1255,1044,383,549,831,1166,1104,1375,683,527,1227,527,1323,396,131,203,985,741,163,,818,873,1116,855,1093,1331,403,657,552,1304,682,982,856,1063,494,1315,702,622,1372,466,633,680,207,174,945,359,646,522,357,1225,374,100,261,703,1120,616,581,908,708,78,855,677,580,741,838,425,494,1047,771,800,797,876
HAKKAR?,900,667,1473,434,1141,1366,1458,771,1783,1797,1668,509,340,1550,1566,1737,1997,1389,1233,1660,471,2042,624,776,618,1588,695,981,818,,891,1516,969,1812,1800,567,1393,1048,2023,1182,1701,1256,1573,722,1784,775,393,1769,395,1129,1105,1025,922,1664,1177,284,1340,951,1944,1059,918,646,558,1589,202,1175,1627,1165,740,1189,1295,371,189,1574,654,427,1766,1507,754,815,1595
HATAY,191,320,764,952,705,681,749,1021,1074,1088,959,619,718,868,857,1028,1288,767,726,951,509,1360,477,742,795,879,196,819,873,891,,807,260,1130,1091,998,881,449,1341,566,1019,547,864,379,1075,176,521,1060,729,478,396,810,1018,982,821,692,963,521,1262,591,944,612,333,880,886,624,945,456,872,480,666,605,702,960,1025,1055,1084,892,147,127,913
ISPARTA,616,945,169,1375,755,421,130,1401,288,396,351,1145,1338,559,51,414,596,552,663,165,1134,804,1003,1005,1194,301,821,1031,1116,1516,807,,587,593,382,1394,666,564,804,518,482,264,241,905,366,801,1146,292,1255,483,502,987,1242,445,835,1317,835,759,725,799,1168,1135,958,171,1478,605,628,408,1138,370,496,1230,1327,680,1416,1485,480,612,858,701,514
MERS?N,69,398,565,1030,639,483,489,1099,831,889,760,697,796,670,611,829,1089,569,568,709,587,1162,555,744,873,680,274,796,855,969,260,587,,932,892,1076,683,326,1143,368,821,348,665,457,876,254,599,800,807,280,198,787,995,784,740,770,835,498,1064,568,921,690,411,681,964,466,747,258,877,235,468,683,780,762,1103,1133,886,694,311,154,715
?STANBUL,939,1208,452,1406,671,453,716,1300,681,390,247,1307,1500,262,594,243,320,497,614,637,1363,230,1210,1036,1225,322,1124,930,1093,1812,1130,593,932,,561,1425,510,771,211,637,111,660,352,1112,525,1044,1449,780,1417,728,797,886,1141,148,734,1550,682,893,132,785,1067,1166,1261,491,1638,669,331,674,1128,773,528,1463,1630,420,1409,1516,176,396,1181,1024,217
?ZM?R,900,1229,327,1631,913,579,444,1559,126,173,417,1429,1622,595,374,322,325,710,821,224,1418,533,1287,1261,1450,411,1105,1189,1331,1800,1091,382,892,561,,1650,824,848,550,752,450,550,333,1189,36,1085,1430,225,1539,767,786,1145,1400,481,993,1601,993,1019,505,957,1326,1391,1242,211,1762,795,664,692,1353,663,654,1514,1611,753,1668,1741,387,729,1142,985,550
KARS,1007,732,1327,217,754,1071,1448,210,1661,1587,1376,383,432,1163,1444,1436,1707,1002,846,1538,527,1655,521,389,203,1304,840,566,403,567,998,1394,1076,1425,1650,,1006,830,1636,960,1314,1134,1382,619,1634,842,622,1683,349,911,958,610,361,1277,762,529,925,635,1557,693,435,443,703,1439,365,859,1240,986,325,1133,996,567,624,1187,93,140,1379,1120,899,922,1208
KASTAMONU,690,888,501,987,252,245,789,864,843,672,461,888,1081,248,667,521,792,114,195,720,954,740,801,617,806,478,815,494,657,1393,881,666,683,510,824,1006,,462,721,328,399,503,556,721,807,735,1049,865,998,419,501,450,705,362,298,1141,183,474,642,366,631,747,952,613,1219,295,270,425,709,614,219,1054,1236,181,973,1097,464,114,874,775,293
KAYSER?,333,437,521,811,348,318,618,848,831,840,620,581,774,509,614,689,960,348,277,708,592,1001,439,441,630,540,353,493,552,1048,449,564,326,771,848,830,462,,982,134,660,304,618,341,832,273,678,853,691,81,128,484,692,623,449,779,544,195,903,265,618,571,490,637,914,175,586,156,574,303,247,692,859,601,852,921,725,533,412,373,554
KIRKLAREL?,1150,1419,663,1617,882,664,927,1511,674,425,458,1518,1711,473,805,436,233,708,825,713,1574,62,1421,1247,1436,533,1335,1141,1304,2023,1341,804,1143,211,550,1636,721,982,,848,322,871,563,1323,560,1255,1660,773,1628,939,1008,1097,1352,359,945,1761,893,1104,121,996,1278,1377,1472,650,1849,880,542,885,1339,984,739,1674,1841,631,1620,1727,387,607,1392,1235,428
KIR?EH?R,375,571,429,941,308,184,572,952,771,706,486,715,908,375,568,555,826,214,216,648,726,867,573,571,760,406,487,582,682,1182,566,518,368,637,752,960,328,134,848,,526,258,484,475,736,407,812,793,825,91,173,538,793,489,388,913,483,325,769,319,719,701,624,541,1048,112,452,110,704,320,113,826,993,467,982,1051,591,399,546,460,420
KOCAEL?,828,1097,341,1295,560,342,605,1189,570,279,136,1196,1389,151,483,132,399,386,503,526,1252,341,1099,925,1114,211,1013,819,982,1701,1019,482,821,111,450,1314,399,660,322,526,,549,241,1001,414,933,1338,669,1306,617,686,775,1030,37,623,1439,571,782,243,674,956,1055,1150,380,1527,558,220,563,1017,662,417,1352,1519,309,1298,1405,65,285,1070,913,106
KONYA,356,685,223,1115,560,258,322,1152,533,547,418,885,1078,445,315,487,747,389,468,410,874,890,743,745,934,338,561,797,856,1256,547,264,348,660,550,1134,503,304,871,258,549,,323,645,534,541,886,555,995,223,242,781,996,512,640,1057,672,499,792,562,922,875,698,339,1218,370,522,148,878,119,301,970,1067,537,1156,1225,547,469,598,441,490
KÜTAHYA,673,1002,100,1363,645,311,364,1291,408,224,110,1199,1392,318,242,173,424,442,553,285,1191,582,1057,993,1182,78,878,921,1063,1573,864,241,665,352,333,1382,556,618,563,484,241,323,,959,317,858,1203,430,1309,540,559,877,1132,204,725,1374,725,751,484,689,1058,1123,1015,139,1532,527,387,465,1085,436,386,1287,1384,476,1400,1473,239,452,915,758,273
MALATYA,388,185,862,595,469,659,946,642,1172,1181,961,240,433,850,955,1030,1301,689,533,1049,251,1342,98,363,416,881,247,545,494,722,379,905,457,1112,1189,619,721,341,1323,475,1001,645,959,,1173,223,346,1194,350,422,469,561,668,964,585,438,727,247,1244,355,594,233,269,978,573,471,927,497,493,644,588,351,533,902,646,710,1066,835,306,303,895
MAN?SA,884,1213,311,1615,897,563,428,1543,156,137,381,1413,1606,559,358,286,335,694,805,208,1402,543,1271,1245,1434,395,1089,1173,1315,1784,1075,366,876,525,36,1634,807,832,560,736,414,534,317,1173,,1069,1414,255,1523,751,770,1129,1384,445,977,1585,977,1003,515,941,1310,1375,1226,195,1746,779,628,676,1337,647,638,1498,1595,717,1652,1725,351,693,1126,969,514
KAHRAMANMARA?,185,164,758,812,529,591,743,865,1068,1082,893,463,578,782,851,962,1233,621,550,945,369,1274,321,586,639,813,80,643,702,775,176,801,254,1044,1085,842,735,273,1255,407,933,541,858,223,1069,,405,1054,573,354,390,634,842,896,645,552,787,345,1176,415,768,456,217,874,746,448,859,429,716,474,520,465,586,874,869,915,998,806,139,100,827
MARD?N,530,296,1103,518,797,996,1088,645,1413,1427,1298,239,284,1187,1196,1367,1627,1017,861,1290,95,1679,248,501,419,1218,325,785,622,393,521,1146,599,1449,1430,622,1049,678,1660,812,1338,886,1203,346,1414,405,,1399,353,759,735,824,796,1301,913,230,1055,575,1581,683,722,371,188,1219,452,799,1264,795,544,819,925,149,204,1230,649,621,1403,1163,384,445,1232
MU?LA,869,1198,368,1664,954,620,311,1600,99,392,540,1434,1596,748,241,541,548,751,862,145,1387,756,1292,1294,1483,500,1074,1230,1372,1769,1060,292,800,780,225,1683,865,853,773,793,669,555,430,1194,255,1054,1399,,1544,772,791,1186,1441,634,1034,1570,1034,1048,728,998,1367,1424,1211,295,1764,836,817,697,1394,662,695,1483,1580,879,1705,1774,606,811,1111,954,703
MU?,738,463,1212,245,746,1009,1296,479,1522,1531,1311,114,83,1155,1305,1380,1651,994,838,1399,258,1647,252,381,266,1231,571,629,466,395,729,1255,807,1417,1539,349,998,691,1628,825,1306,995,1309,350,1523,573,353,1544,,772,819,673,630,1269,825,180,978,579,1549,685,566,251,434,1328,223,803,1232,847,388,994,938,218,275,1179,408,388,1371,1112,630,653,1200
NEV?EH?R,287,518,440,892,363,275,537,929,750,764,577,662,855,466,533,646,917,305,292,627,673,958,520,522,711,497,434,574,633,1129,478,483,280,728,767,911,419,81,939,91,617,223,540,422,751,354,759,772,772,,82,558,773,580,464,860,559,276,860,339,699,652,571,556,995,190,543,75,655,257,204,773,940,558,933,1002,682,490,493,372,511
N??DE,205,534,459,939,441,348,544,976,769,783,646,709,902,535,552,715,983,387,370,646,720,1027,567,569,758,566,410,621,680,1105,396,502,198,797,786,958,501,128,1008,173,686,242,559,469,770,390,735,791,819,82,,612,820,649,542,906,637,323,929,393,746,699,547,575,1042,268,612,123,702,175,286,819,916,627,980,1049,751,559,447,290,580
ORDU,718,728,822,591,280,566,1095,414,1164,1048,837,590,756,624,988,897,1168,480,324,1041,729,1116,588,323,410,799,714,44,207,1025,810,987,787,886,1145,610,450,484,1097,538,775,781,877,561,1129,634,824,1186,673,558,612,,255,738,152,853,315,314,1018,219,181,453,812,934,823,426,701,633,285,787,491,787,948,631,523,701,840,564,773,734,669
R?ZE,926,853,1077,548,535,821,1310,159,1419,1303,1092,557,713,879,1243,1152,1423,735,579,1296,701,1371,570,305,377,1054,915,211,174,922,1018,1242,995,1141,1400,361,705,692,1352,793,1030,996,1132,668,1384,842,796,1441,630,773,820,255,,993,407,810,570,497,1273,474,74,435,877,1189,720,681,956,848,252,995,746,754,905,886,268,495,1095,819,974,942,924
SAKARYA,791,1060,304,1258,523,305,568,1152,601,310,99,1159,1352,114,446,159,430,349,466,489,1215,378,1062,888,1077,174,976,782,945,1664,982,445,784,148,481,1277,362,623,359,489,37,512,204,964,445,896,1301,634,1269,580,649,738,993,,586,1402,534,745,280,637,919,1018,1113,343,1490,521,183,526,980,625,380,1315,1482,272,1261,1368,102,248,1033,876,69
SAMSUN,729,752,670,743,131,414,954,566,1012,896,685,715,908,472,836,745,1016,328,172,889,818,964,665,444,562,647,725,196,359,1177,821,835,740,734,993,762,298,449,945,388,623,640,725,585,977,645,913,1034,825,464,542,152,407,586,,999,163,338,866,230,333,574,836,782,975,276,549,498,437,708,339,912,1094,479,675,853,688,412,784,745,517
S??RT,701,388,1274,331,889,1097,1259,659,1584,1598,1399,284,97,1288,1367,1468,1739,1109,953,1461,187,1780,340,555,446,1319,496,809,646,284,692,1317,770,1550,1601,529,1141,779,1761,913,1439,1057,1374,438,1585,552,230,1570,180,860,906,853,810,1402,999,,1147,667,1682,775,746,425,359,1390,265,891,1365,935,568,990,1026,87,95,1322,588,434,1504,1255,555,616,1333
S?NOP,842,894,670,906,258,414,958,729,1012,844,633,868,1061,420,836,693,964,283,267,889,960,912,807,597,725,647,867,359,522,1340,963,835,835,682,993,925,183,544,893,483,571,672,725,727,977,787,1055,1034,978,559,637,315,570,534,163,1147,,480,814,372,496,727,978,782,1138,371,453,593,600,783,388,1060,1242,364,838,1016,636,297,926,887,465
S?VAS,429,414,696,616,222,440,813,653,1026,973,753,469,662,631,809,822,1093,442,286,903,480,1123,327,246,435,673,425,298,357,951,521,759,498,893,1019,635,474,195,1104,325,782,499,751,247,1003,345,575,1048,579,276,323,314,497,745,338,667,480,,1025,108,423,376,498,808,802,224,708,351,379,498,365,580,762,655,657,726,847,588,484,445,676
TEK?RDA?,1071,1340,584,1538,803,585,848,1432,629,380,379,1439,1632,394,726,375,188,629,746,668,1495,140,1342,1168,1357,454,1256,1062,1225,1944,1262,725,1064,132,505,1557,642,903,121,769,243,792,484,1244,515,1176,1581,728,1549,860,929,1018,1273,280,866,1682,814,1025,,917,1199,1298,1393,605,1770,801,463,806,1260,905,660,1595,1762,552,1541,1648,308,528,1313,1156,349
TOKAT,499,522,634,674,114,378,876,633,976,911,691,575,768,523,800,760,1031,334,178,853,588,1015,435,304,493,611,495,263,374,1059,591,799,568,785,957,693,366,265,996,319,674,562,689,355,941,415,683,998,685,339,393,219,474,637,230,775,372,108,917,,400,434,606,746,906,207,600,414,396,568,303,688,870,547,715,784,739,480,554,515,568
TRABZON,852,779,1003,484,461,747,1236,233,1345,1229,1018,483,649,805,1169,1078,1349,661,505,1222,627,1297,496,231,303,980,841,137,100,918,944,1168,921,1067,1326,435,631,618,1278,719,956,922,1058,594,1310,768,722,1367,566,699,746,181,74,919,333,746,496,423,1199,400,,361,803,1115,716,607,882,774,178,921,672,680,841,812,342,569,1021,745,900,868,850
TUNCEL?,621,418,1068,424,495,812,1179,461,1402,1328,1117,141,334,904,1185,1177,1448,743,587,1279,276,1396,135,130,243,1045,480,424,261,646,612,1135,690,1166,1391,443,747,571,1377,701,1055,875,1123,233,1375,456,371,1424,251,652,699,453,435,1018,574,425,727,376,1298,434,361,,452,1180,474,600,981,727,260,874,737,338,520,928,465,534,1120,861,539,536,949
?ANLIURFA,342,110,915,619,720,808,900,726,1225,1239,1110,320,385,999,1008,1179,1439,838,767,1102,176,1491,329,582,500,1030,137,796,703,558,333,958,411,1261,1242,703,952,490,1472,624,1150,698,1015,269,1226,217,188,1211,434,571,547,812,877,1113,836,359,978,498,1393,606,803,452,,1031,553,665,1076,607,625,631,737,272,369,1091,730,722,1215,1023,196,257,1044
U?AK,689,1018,116,1420,702,368,294,1348,273,225,249,1218,1411,457,172,311,425,499,610,150,1207,633,1076,1050,1239,217,894,978,1120,1589,880,171,681,491,211,1439,613,637,650,541,380,339,139,978,195,874,1219,295,1328,556,575,934,1189,343,782,1390,782,808,605,746,1115,1180,1031,,1551,584,526,481,1142,452,443,1303,1400,615,1457,1530,378,559,931,774,412
VAN,895,582,1435,232,967,1232,1453,569,1745,1754,1534,337,168,1376,1528,1603,1874,1215,1059,1622,377,1868,475,602,416,1454,690,779,616,202,886,1478,964,1638,1762,365,1219,914,1849,1048,1527,1218,1532,573,1746,746,452,1764,223,995,1042,823,720,1490,975,265,1138,802,1770,906,716,474,553,1551,,1026,1453,1070,538,1184,1161,303,360,1400,452,225,1592,1333,749,810,1421
YOZGAT,473,612,472,840,196,216,684,840,814,749,529,693,886,407,638,598,869,246,104,691,704,899,551,470,659,449,528,470,581,1175,624,605,466,669,795,859,295,175,880,112,558,370,527,471,779,448,799,836,803,190,268,426,681,521,276,891,371,224,801,207,607,600,665,584,1026,,484,222,603,432,141,804,986,476,881,950,623,409,587,548,452
ZONGULDAK,754,1023,487,1221,486,268,751,1115,784,493,282,1122,1315,159,629,342,613,312,429,672,1178,561,1025,851,1040,357,939,745,908,1627,945,628,747,331,664,1240,270,586,542,452,220,522,387,927,628,859,1264,817,1232,543,612,701,956,183,549,1365,453,708,463,600,882,981,1076,526,1453,484,,489,943,633,343,1278,1445,89,1224,1331,285,176,996,839,114
AKSARAY,265,593,365,967,418,225,462,1004,675,689,523,737,930,412,458,592,863,311,326,552,748,904,595,597,786,443,470,649,708,1165,456,408,258,674,692,986,425,156,885,110,563,148,465,497,676,429,795,697,847,75,123,633,848,526,498,935,593,351,806,414,774,727,607,481,1070,222,489,,730,210,210,848,976,504,1008,1077,628,436,507,350,457
BAYBURT,808,654,1030,306,457,774,1192,343,1372,1290,1079,305,471,866,1188,1139,1410,705,549,1249,449,1358,395,153,125,1007,740,241,78,740,872,1138,877,1128,1353,325,709,574,1339,704,1017,878,1085,493,1337,716,544,1394,388,655,702,285,252,980,437,568,600,379,1260,396,178,260,625,1142,538,603,943,730,,877,699,502,663,890,347,416,1082,823,799,796,911
KARAMAN,289,618,336,1114,616,369,375,1151,643,660,531,884,1016,556,421,600,860,500,536,520,807,1003,742,744,933,451,494,796,855,1189,480,370,235,773,663,1133,614,303,984,320,662,119,436,644,647,474,819,662,994,257,175,787,995,625,708,990,783,498,905,568,921,874,631,452,1184,432,633,210,877,,412,903,1000,648,1155,1224,660,580,531,374,601
KIRIKKALE,475,684,331,977,259,75,615,905,673,608,388,828,1021,266,497,457,728,105,167,550,839,758,686,607,796,308,600,535,677,1295,666,496,468,528,654,996,219,247,739,113,417,301,386,588,638,520,925,695,938,204,286,491,746,380,339,1026,388,365,660,303,672,737,737,443,1161,141,343,210,699,412,,939,1106,358,1014,1087,482,290,659,560,311
BATMAN,614,301,1187,369,802,1010,1172,603,1497,1511,1312,197,135,1201,1280,1381,1652,1022,866,1374,100,1693,253,468,377,1232,409,743,580,371,605,1230,683,1463,1514,567,1054,692,1674,826,1352,970,1287,351,1498,465,149,1483,218,773,819,787,754,1315,912,87,1060,580,1595,688,680,338,272,1303,303,804,1278,848,502,903,939,,182,1235,607,472,1417,1168,468,529,1246
?IRNAK,711,478,1284,426,984,1177,1269,754,1594,1608,1479,379,192,1368,1377,1548,1808,1204,1048,1471,282,1860,435,650,541,1399,506,904,741,189,702,1327,780,1630,1611,624,1236,859,1841,993,1519,1067,1384,533,1595,586,204,1580,275,940,916,948,905,1482,1094,95,1242,762,1762,870,841,520,369,1400,360,986,1445,976,663,1000,1106,182,,1417,683,529,1584,1350,565,626,1413
BARTIN,769,1038,515,1168,433,283,803,1045,857,582,371,1069,1262,174,681,431,702,282,376,734,1135,650,982,798,987,446,954,675,838,1574,960,680,762,420,753,1187,181,601,631,467,309,537,476,902,717,874,1230,879,1179,558,627,631,886,272,479,1322,364,655,552,547,812,928,1091,615,1400,476,89,504,890,648,358,1235,1417,,1154,1278,374,87,1011,854,203
ARDAHAN,1034,759,1345,310,776,1089,1470,117,1683,1571,1360,410,491,1147,1466,1420,1691,1003,847,1560,554,1639,548,411,230,1322,867,479,425,654,1025,1416,1103,1409,1668,93,973,852,1620,982,1298,1156,1400,646,1652,869,649,1705,408,933,980,523,268,1261,675,588,838,657,1541,715,342,465,730,1457,452,881,1224,1008,347,1155,1014,607,683,1154,,227,1363,1087,926,949,1192
I?DIR,1064,751,1418,143,845,1162,1539,344,1752,1678,1467,474,337,1254,1535,1527,1798,1093,937,1629,546,1746,612,480,294,1395,859,657,494,427,1055,1485,1133,1516,1741,140,1097,921,1727,1051,1405,1225,1473,710,1725,915,621,1774,388,1002,1049,701,495,1368,853,434,1016,726,1648,784,569,534,722,1530,225,950,1331,1077,416,1224,1087,472,529,1278,227,,1470,1211,918,979,1299
YALOVA,893,1162,339,1360,625,407,603,1254,507,216,129,1261,1454,216,481,69,336,451,568,502,1317,406,1164,990,1179,209,1078,884,1047,1766,1084,480,886,176,387,1379,464,725,387,591,65,547,239,1066,351,998,1403,606,1371,682,751,840,1095,102,688,1504,636,847,308,739,1021,1120,1215,378,1592,623,285,628,1082,660,482,1417,1584,374,1363,1470,,350,1135,978,171
KARABÜK,701,970,447,1101,366,215,735,978,789,558,347,1002,1195,134,613,407,678,195,309,666,1068,626,915,731,920,422,886,608,771,1507,892,612,694,396,729,1120,114,533,607,399,285,469,452,835,693,806,1163,811,1112,490,559,564,819,248,412,1255,297,588,528,480,745,861,1023,559,1333,409,176,436,823,580,290,1168,1350,87,1087,1211,350,,943,786,179
K?L?S,242,209,815,815,668,730,800,922,1125,1139,1010,516,581,919,908,1079,1339,760,689,1002,372,1411,404,669,696,930,63,782,800,754,147,858,311,1181,1142,899,874,412,1392,546,1070,598,915,306,1126,139,384,1111,630,493,447,773,974,1033,784,555,926,484,1313,554,900,539,196,931,749,587,996,507,799,531,659,468,565,1011,926,918,1135,943,,157,964
OSMAN?YE,85,244,658,876,629,575,643,945,968,982,853,543,642,762,751,922,1182,661,650,845,433,1254,401,666,719,773,120,743,797,815,127,701,154,1024,985,922,775,373,1235,460,913,441,758,303,969,100,445,954,653,372,290,734,942,876,745,616,887,445,1156,515,868,536,257,774,810,548,839,350,796,374,560,529,626,854,949,979,978,786,157,,807
DÜZCE,722,991,373,1189,454,236,637,1083,670,379,168,1090,1283,45,515,228,499,280,397,558,1146,447,993,819,1008,243,907,713,876,1595,913,514,715,217,550,1208,293,554,428,420,106,490,273,895,514,827,1232,703,1200,511,580,669,924,69,517,1333,465,676,349,568,850,949,1044,412,1421,452,114,457,911,601,311,1246,1413,203,1192,1299,171,179,964,807,
